-- AspNetUsers
INSERT INTO [dbo].[AspNetUsers] ([Id], [Hometown], [Email], [EmailConfirmed], [PasswordHash], [SecurityStamp], [PhoneNumber], [PhoneNumberConfirmed], [TwoFactorEnabled], [LockoutEndDateUtc], [LockoutEnabled], [AccessFailedCount], [UserName], [Name], [ApprovalStatus]) VALUES (N'1f3315fe-821e-4ff6-87f4-40dd3d24be40', NULL, N'sm.venkat@hotmail.com', 0, N'AO1FGFLrpKOH0ArMZEn1Yqi+nrbXNpZNAXBH+vejWIp/VMg1t8IagkmpM8zwxVhw7g==', N'f403eea9-0e1b-4727-a2a2-00ca29a84f31', NULL, 0, 0, NULL, 1, 0, N'sm.venkat@hotmail.com', N'Venkatesh', N'Approved')
INSERT INTO [dbo].[AspNetUsers] ([Id], [Hometown], [Email], [EmailConfirmed], [PasswordHash], [SecurityStamp], [PhoneNumber], [PhoneNumberConfirmed], [TwoFactorEnabled], [LockoutEndDateUtc], [LockoutEnabled], [AccessFailedCount], [UserName], [Name], [ApprovalStatus]) VALUES (N'205f7883-3780-4a97-9b0a-ac6f71777ed2', NULL, N'admin@artbrowserapp.com', 0, N'AO4SnlUq/tvNtY5qfFNXo7u8dp+sch8nbhBFYhM4aL+c/fx7HefiO2kvD0vH70e+rg==', N'74f8d5d0-50e0-49b6-826d-a50af4445fe6', NULL, 0, 0, NULL, 1, 0, N'admin@artbrowserapp.com', N'Administrator', N'Approved')
INSERT INTO [dbo].[AspNetUsers] ([Id], [Hometown], [Email], [EmailConfirmed], [PasswordHash], [SecurityStamp], [PhoneNumber], [PhoneNumberConfirmed], [TwoFactorEnabled], [LockoutEndDateUtc], [LockoutEnabled], [AccessFailedCount], [UserName], [Name], [ApprovalStatus]) VALUES (N'32082b9a-1dcf-446f-8224-edfa8974934d', NULL, N'smvenkat4u@gmail.com', 0, N'AJN7j8PcK6GgiIjKiUQJimUrBRzF/bUzlsrgszKQfk32b2k+ul2NQCu4C9Re5DupHA==', N'72866cdd-46ab-4892-9746-b1090eca62ee', NULL, 0, 0, NULL, 1, 0, N'smvenkat4u@gmail.com', N'Venkatesh', N'Approved')
INSERT INTO [dbo].[AspNetUsers] ([Id], [Hometown], [Email], [EmailConfirmed], [PasswordHash], [SecurityStamp], [PhoneNumber], [PhoneNumberConfirmed], [TwoFactorEnabled], [LockoutEndDateUtc], [LockoutEnabled], [AccessFailedCount], [UserName], [Name], [ApprovalStatus]) VALUES (N'42ec1f49-8d34-4c6c-93f5-525c19db5881', NULL, N'mukhesh98@gmail.com', 0, N'AESGSsvVwiM9A7Hu4PjbW83E1YZkQab7nCR2OLaRlm7Z/IxcvG14P25WkL7Vf9NKAw==', N'6fdfe989-b336-4de9-b2e1-1d9e81a2826c', NULL, 0, 0, NULL, 1, 0, N'mukhesh98@gmail.com', N'Mukhesh', NULL)
INSERT INTO [dbo].[AspNetUsers] ([Id], [Hometown], [Email], [EmailConfirmed], [PasswordHash], [SecurityStamp], [PhoneNumber], [PhoneNumberConfirmed], [TwoFactorEnabled], [LockoutEndDateUtc], [LockoutEnabled], [AccessFailedCount], [UserName], [Name], [ApprovalStatus]) VALUES (N'5c96f103-54ea-40c0-8e38-f20dac6fbc24', NULL, N'sm.venkat@yahoo.com', 1, N'AA/ITYEdxpBB7bHpmwl/Iesxsy+D0mP+Zqw67qwWVP3ensgb/Qm9/iWbq3+k7a6KMg==', N'38a9e297-6bb3-4509-ad5d-d7e9d70dd35e', NULL, 0, 0, NULL, 1, 0, N'sm.venkat@yahoo.com', N'Venkatesh', NULL)
INSERT INTO [dbo].[AspNetUsers] ([Id], [Hometown], [Email], [EmailConfirmed], [PasswordHash], [SecurityStamp], [PhoneNumber], [PhoneNumberConfirmed], [TwoFactorEnabled], [LockoutEndDateUtc], [LockoutEnabled], [AccessFailedCount], [UserName], [Name], [ApprovalStatus]) VALUES (N'6d5c5106-c287-4348-8d1c-5c53fa90141d', NULL, N'ramya_dmn@yahoo.com', 1, N'AHm8QdGCrY4PbL9Pva+Coqw9IkrglS3DBa08RMuWc/7wx8YhL/+M4j81aPQKaHiVpQ==', N'f71596f7-7b23-4a62-bca3-7d0525c30c10', NULL, 0, 0, NULL, 1, 0, N'ramya_dmn@yahoo.com', N'Ramya', N'Approved')
INSERT INTO [dbo].[AspNetUsers] ([Id], [Hometown], [Email], [EmailConfirmed], [PasswordHash], [SecurityStamp], [PhoneNumber], [PhoneNumberConfirmed], [TwoFactorEnabled], [LockoutEndDateUtc], [LockoutEnabled], [AccessFailedCount], [UserName], [Name], [ApprovalStatus]) VALUES (N'8ef8715f-2f55-4195-92a3-900a692cc7e6', NULL, N'kartheeksway@gmail.com', 0, N'AElsSaFZf89QZtNGexTIwlrg680BoVoC4aGiHy4CUtVOOip963fboukCsNlw1ISphw==', N'5b81ec58-bb42-436f-97b9-daa9aa5a3b15', NULL, 0, 0, NULL, 1, 0, N'kartheeksway@gmail.com', N'Mukhesh', N'Approved')
INSERT INTO [dbo].[AspNetUsers] ([Id], [Hometown], [Email], [EmailConfirmed], [PasswordHash], [SecurityStamp], [PhoneNumber], [PhoneNumberConfirmed], [TwoFactorEnabled], [LockoutEndDateUtc], [LockoutEnabled], [AccessFailedCount], [UserName], [Name], [ApprovalStatus]) VALUES (N'95d70509-4a34-455b-bb3e-677fb56c5d45', NULL, N'mukesh.obilisetti@gmail.com', 0, N'AJSsioOogznUd9OUsrlepWZysAInOZAqB8/NLwLtMjX+CtosFSvX+2AOIRoKeapAOQ==', N'4c876fb6-866f-4c69-8fe4-a78e177fa6bc', NULL, 0, 0, NULL, 1, 0, N'mukesh.obilisetti@gmail.com', N'Mukhesh kumar', N'Approved')
INSERT INTO [dbo].[AspNetUsers] ([Id], [Hometown], [Email], [EmailConfirmed], [PasswordHash], [SecurityStamp], [PhoneNumber], [PhoneNumberConfirmed], [TwoFactorEnabled], [LockoutEndDateUtc], [LockoutEnabled], [AccessFailedCount], [UserName], [Name], [ApprovalStatus]) VALUES (N'9962d20f-2d31-447b-887a-d72c070d2a4f', NULL, N'din@gmail.com', 0, N'ADzGj/mEmzXFE1xT8FYn4y8TTJYqmOKMU6kypSfYDVf/8hMSB4CQ5SOmsSGwNcwaaA==', N'37d811a9-38af-4768-9d92-2a906708a768', NULL, 0, 0, NULL, 1, 0, N'din@gmail.com', N'din', NULL)
INSERT INTO [dbo].[AspNetUsers] ([Id], [Hometown], [Email], [EmailConfirmed], [PasswordHash], [SecurityStamp], [PhoneNumber], [PhoneNumberConfirmed], [TwoFactorEnabled], [LockoutEndDateUtc], [LockoutEnabled], [AccessFailedCount], [UserName], [Name], [ApprovalStatus]) VALUES (N'a02adb2d-c004-46a0-947d-41a603ea1bc8', NULL, N'mukeshobilisetti1@gmail.com', 0, N'AJRb1tjhlzimhv0O/KtndDlo6ZwxAmrF/UoaR+RWn7XycOrvUsoVrInIF/pSEUasow==', N'10ba9bb6-e0a6-45d2-9f17-ae587af4be47', NULL, 0, 0, NULL, 1, 0, N'mukeshobilisetti1@gmail.com', N'Mukhesh kumar', NULL)
INSERT INTO [dbo].[AspNetUsers] ([Id], [Hometown], [Email], [EmailConfirmed], [PasswordHash], [SecurityStamp], [PhoneNumber], [PhoneNumberConfirmed], [TwoFactorEnabled], [LockoutEndDateUtc], [LockoutEnabled], [AccessFailedCount], [UserName], [Name], [ApprovalStatus]) VALUES (N'a78447a2-4031-47c5-b1fb-af64455312df', NULL, N'josephine.tipper@gmail.com', 0, N'AEn6TLE6oB7tpXNIQ37hMK5gEpukf2nGqBevYXmEMmZtMYz0LlAfD8OYUmceiSZWzg==', N'e827c8e7-42cd-493d-a0b7-f4b499852336', NULL, 0, 0, NULL, 1, 0, N'josephine.tipper@gmail.com', N'Josephine Tipper', N'Approved')
INSERT INTO [dbo].[AspNetUsers] ([Id], [Hometown], [Email], [EmailConfirmed], [PasswordHash], [SecurityStamp], [PhoneNumber], [PhoneNumberConfirmed], [TwoFactorEnabled], [LockoutEndDateUtc], [LockoutEnabled], [AccessFailedCount], [UserName], [Name], [ApprovalStatus]) VALUES (N'ae05d675-c3d2-47ea-b3ec-b38e56142a39', NULL, N'Artbrowserapp@gmail.com', 0, N'AIYCs4a05K3QhiU01/6ZvRNtctsvuuFbt/2MIzQPwRhTF/3cr0nFUz+22u/gd3AzaQ==', N'339d1cf8-9ca6-494b-9c49-fd7a2686b426', NULL, 0, 0, NULL, 1, 0, N'Artbrowserapp@gmail.com', N'Rohit', N'Rejected')
INSERT INTO [dbo].[AspNetUsers] ([Id], [Hometown], [Email], [EmailConfirmed], [PasswordHash], [SecurityStamp], [PhoneNumber], [PhoneNumberConfirmed], [TwoFactorEnabled], [LockoutEndDateUtc], [LockoutEnabled], [AccessFailedCount], [UserName], [Name], [ApprovalStatus]) VALUES (N'b28a5d65-688b-4d0e-b12f-1315a6111103', NULL, N'Minion@gmail.com', 0, N'AIgMjIOkwVF8aSOe5tCIvadQQZQGxUcm+3/ILtTDRBvz2uNdkgX1koj5UMfg6jB3eA==', N'c9ba87b1-7906-4123-86c7-3314cadcf69f', NULL, 0, 0, NULL, 1, 0, N'gupta.3@hotmail.com', N'Minion', NULL)
INSERT INTO [dbo].[AspNetUsers] ([Id], [Hometown], [Email], [EmailConfirmed], [PasswordHash], [SecurityStamp], [PhoneNumber], [PhoneNumberConfirmed], [TwoFactorEnabled], [LockoutEndDateUtc], [LockoutEnabled], [AccessFailedCount], [UserName], [Name], [ApprovalStatus]) VALUES (N'bb63e1ab-c617-4cf1-b537-3f8eae6e38bb', NULL, N'rocksmith@gmail.com', 0, N'AI/efhkg/IrDYKRYi3iGsV6qm0Ph1syckcKrbR2Iq2x7qc/e20PPCrk7Iy4g6Q7ZsQ==', N'1b152869-9596-4672-bff2-449dde4bee2e', NULL, 0, 0, NULL, 1, 0, N'rocksmith@gmail.com', N'Rock Smith', NULL)
INSERT INTO [dbo].[AspNetUsers] ([Id], [Hometown], [Email], [EmailConfirmed], [PasswordHash], [SecurityStamp], [PhoneNumber], [PhoneNumberConfirmed], [TwoFactorEnabled], [LockoutEndDateUtc], [LockoutEnabled], [AccessFailedCount], [UserName], [Name], [ApprovalStatus]) VALUES (N'cacf0b4d-08a3-4ce0-ab3a-381c5252fab4', NULL, N'rohitshetty_85@yahoo.co.in', 1, N'AATFdiYH0kBjdDt1XI0dqJ9BKig5/O2yJFBRg1ozRKI2qlU7FTGX7rAe66fxgQrTqQ==', N'222ccd6c-8d52-457a-8dc5-aa38c8ca7236', NULL, 0, 0, NULL, 1, 0, N'rohitshetty_85@yahoo.co.in', N'Rohit Shetty', N'Rejected')
INSERT INTO [dbo].[AspNetUsers] ([Id], [Hometown], [Email], [EmailConfirmed], [PasswordHash], [SecurityStamp], [PhoneNumber], [PhoneNumberConfirmed], [TwoFactorEnabled], [LockoutEndDateUtc], [LockoutEnabled], [AccessFailedCount], [UserName], [Name], [ApprovalStatus]) VALUES (N'cfcae7f4-7c2e-44a8-b23c-f3e7f55fee15', NULL, N'muk@gmail.com', 0, N'AJaMlWj8U5nnLe4a1IHhYknLlEtQ5ACUa7K7eUg7WKUS1gKIs0WSzVGFizrpAGjz3A==', N'ef9b90de-6eed-4054-89f6-7973afa1f190', NULL, 0, 0, NULL, 1, 0, N'muk@gmail.com', N'muk', N'Approved')
INSERT INTO [dbo].[AspNetUsers] ([Id], [Hometown], [Email], [EmailConfirmed], [PasswordHash], [SecurityStamp], [PhoneNumber], [PhoneNumberConfirmed], [TwoFactorEnabled], [LockoutEndDateUtc], [LockoutEnabled], [AccessFailedCount], [UserName], [Name], [ApprovalStatus]) VALUES (N'e58815e5-eeb5-4369-9a2f-c3b44c328e10', NULL, N'beatriz.egido@hotmail.com', 0, N'AFpc3E9JQGu2SVuQJBAjZQ5BxbEwQ1dXhTfF90/hTU0ay9uqnu/r8jX1sbfgM6HfxA==', N'13c61791-4d79-432a-9db4-587b33d90dd9', NULL, 0, 0, NULL, 1, 0, N'beatriz.egido@hotmail.com', N'Beanks ', NULL)
INSERT INTO [dbo].[AspNetUsers] ([Id], [Hometown], [Email], [EmailConfirmed], [PasswordHash], [SecurityStamp], [PhoneNumber], [PhoneNumberConfirmed], [TwoFactorEnabled], [LockoutEndDateUtc], [LockoutEnabled], [AccessFailedCount], [UserName], [Name], [ApprovalStatus]) VALUES (N'f6bea9c9-5e5a-475e-8408-c1f931014237', NULL, N'doradlarajesh@gmail.com', 0, N'AJ0rTDhR1LnOYjn1kNEomhu0WusZEfGGEolukKyrnBb3Qj2vfjhRmkJcpPpKbjivdw==', N'487a515a-b8f7-46cf-b8fb-ea453e29e728', NULL, 0, 0, NULL, 1, 0, N'doradlarajesh@gmail.com', N'Raji', NULL)

-- AspNetUserRoles
INSERT INTO [dbo].[AspNetUserRoles] ([UserId], [RoleId]) VALUES (N'1f3315fe-821e-4ff6-87f4-40dd3d24be40', N'3')
INSERT INTO [dbo].[AspNetUserRoles] ([UserId], [RoleId]) VALUES (N'205f7883-3780-4a97-9b0a-ac6f71777ed2', N'1')
INSERT INTO [dbo].[AspNetUserRoles] ([UserId], [RoleId]) VALUES (N'32082b9a-1dcf-446f-8224-edfa8974934d', N'2')
INSERT INTO [dbo].[AspNetUserRoles] ([UserId], [RoleId]) VALUES (N'42ec1f49-8d34-4c6c-93f5-525c19db5881', N'3')
INSERT INTO [dbo].[AspNetUserRoles] ([UserId], [RoleId]) VALUES (N'5c96f103-54ea-40c0-8e38-f20dac6fbc24', N'2')
INSERT INTO [dbo].[AspNetUserRoles] ([UserId], [RoleId]) VALUES (N'6d5c5106-c287-4348-8d1c-5c53fa90141d', N'2')
INSERT INTO [dbo].[AspNetUserRoles] ([UserId], [RoleId]) VALUES (N'8ef8715f-2f55-4195-92a3-900a692cc7e6', N'2')
INSERT INTO [dbo].[AspNetUserRoles] ([UserId], [RoleId]) VALUES (N'95d70509-4a34-455b-bb3e-677fb56c5d45', N'2')
INSERT INTO [dbo].[AspNetUserRoles] ([UserId], [RoleId]) VALUES (N'9962d20f-2d31-447b-887a-d72c070d2a4f', N'3')
INSERT INTO [dbo].[AspNetUserRoles] ([UserId], [RoleId]) VALUES (N'a02adb2d-c004-46a0-947d-41a603ea1bc8', N'2')
INSERT INTO [dbo].[AspNetUserRoles] ([UserId], [RoleId]) VALUES (N'a78447a2-4031-47c5-b1fb-af64455312df', N'2')
INSERT INTO [dbo].[AspNetUserRoles] ([UserId], [RoleId]) VALUES (N'ae05d675-c3d2-47ea-b3ec-b38e56142a39', N'3')
INSERT INTO [dbo].[AspNetUserRoles] ([UserId], [RoleId]) VALUES (N'b28a5d65-688b-4d0e-b12f-1315a6111103', N'2')
INSERT INTO [dbo].[AspNetUserRoles] ([UserId], [RoleId]) VALUES (N'bb63e1ab-c617-4cf1-b537-3f8eae6e38bb', N'2')
INSERT INTO [dbo].[AspNetUserRoles] ([UserId], [RoleId]) VALUES (N'cacf0b4d-08a3-4ce0-ab3a-381c5252fab4', N'2')
INSERT INTO [dbo].[AspNetUserRoles] ([UserId], [RoleId]) VALUES (N'cfcae7f4-7c2e-44a8-b23c-f3e7f55fee15', N'3')
INSERT INTO [dbo].[AspNetUserRoles] ([UserId], [RoleId]) VALUES (N'e58815e5-eeb5-4369-9a2f-c3b44c328e10', N'2')
INSERT INTO [dbo].[AspNetUserRoles] ([UserId], [RoleId]) VALUES (N'f6bea9c9-5e5a-475e-8408-c1f931014237', N'2')

-- Artists
INSERT INTO [dbo].[Artists] ([Artist_ID], [User_ID], [PhoneNumber], [Gender], [Profile_Pic], [Cover_Pic], [Location], [Statement], [Price_Range], [DOB], [Expertise], [Education], [Work], [Position]) VALUES (2, N'5c96f103-54ea-40c0-8e38-f20dac6fbc24', N'9966003499', N'Male', N'/App%20Images/Profile%20Pics/Profile_5c96f103-54ea-40c0-8e38-f20dac6fbc24_31011635.jpg', N'/App%20Images/Profile%20Pics/Cover_5c96f103-54ea-40c0-8e38-f20dac6fbc24_24031616.jpg', N'Hyderabad', N'<p>ArtBrowser is a global marketplace for artists, <em><strong>galleries </strong></em>and art lovers. We are a digital platform that will help you share your work to the masses, and connect with others around the world based on your similar interests. Our app is easy to use, with a swipe right for like, and left for dislike approach. ArtBrowser lets your artwork do the talking, as judgement is based on visuals alone, creating a completely unique experience. ArtBrowser is an exclusive community of artists and institutions, and not only will you be able to sell your artwork, but you can also share your exhibitions and events with your followers. We will also give you the opportunity to upgrade to premium membership at any time.</p>

<hr />
<p>&nbsp;</p>
', N'100$', N'1989-05-30 00:00:00', N'Test', N'B.Tech', N'Test', N' -145px')
INSERT INTO [dbo].[Artists] ([Artist_ID], [User_ID], [PhoneNumber], [Gender], [Profile_Pic], [Cover_Pic], [Location], [Statement], [Price_Range], [DOB], [Expertise], [Education], [Work], [Position]) VALUES (3, N'205f7883-3780-4a97-9b0a-ac6f71777ed2', NULL, NULL, NULL, NULL, NULL, NULL, NULL, NULL, NULL, NULL, NULL, NULL)
INSERT INTO [dbo].[Artists] ([Artist_ID], [User_ID], [PhoneNumber], [Gender], [Profile_Pic], [Cover_Pic], [Location], [Statement], [Price_Range], [DOB], [Expertise], [Education], [Work], [Position]) VALUES (4, N'a78447a2-4031-47c5-b1fb-af64455312df', NULL, N'Female', N'/Profile%20Pics/Profile_a78447a2-4031-47c5-b1fb-af64455312df_21011655.jpg', N'/Profile%20Pics/Cover_a78447a2-4031-47c5-b1fb-af64455312df_21011635.jpg', NULL, N'x', NULL, NULL, NULL, NULL, NULL, N' -50px')
INSERT INTO [dbo].[Artists] ([Artist_ID], [User_ID], [PhoneNumber], [Gender], [Profile_Pic], [Cover_Pic], [Location], [Statement], [Price_Range], [DOB], [Expertise], [Education], [Work], [Position]) VALUES (5, N'32082b9a-1dcf-446f-8224-edfa8974934d', NULL, NULL, NULL, NULL, NULL, NULL, NULL, N'1989-05-30 00:00:00', NULL, NULL, NULL, NULL)
INSERT INTO [dbo].[Artists] ([Artist_ID], [User_ID], [PhoneNumber], [Gender], [Profile_Pic], [Cover_Pic], [Location], [Statement], [Price_Range], [DOB], [Expertise], [Education], [Work], [Position]) VALUES (6, N'8ef8715f-2f55-4195-92a3-900a692cc7e6', N'9441343394', N'Male', N'/App%20Images/Profile%20Pics/Profile_8ef8715f-2f55-4195-92a3-900a692cc7e6_01021656.jpg', N'/App%20Images/Profile%20Pics/Cover_8ef8715f-2f55-4195-92a3-900a692cc7e6_01021628.jpg', N'Hyderabad', N'<p><em><strong>Hello Art lovers...</strong></em></p>

<p><em><strong>Hello Art lovers...</strong></em></p>

<p>&nbsp; &nbsp; <strong>&nbsp;</strong><em>Hello Art lovers...</em></p>
', N'$50', N'1990-02-04 00:00:00', N'Art', N'<p><em>B.Tech</em></p>

<p><em>Completed in SVEC</em></p>

<p><em>Gudem</em></p>

<p><strong><em>In 2013</em></strong></p>
', N'Artist', N' -73px')
INSERT INTO [dbo].[Artists] ([Artist_ID], [User_ID], [PhoneNumber], [Gender], [Profile_Pic], [Cover_Pic], [Location], [Statement], [Price_Range], [DOB], [Expertise], [Education], [Work], [Position]) VALUES (7, N'cacf0b4d-08a3-4ce0-ab3a-381c5252fab4', NULL, NULL, N'/App%20Images/Profile%20Pics/Profile_cacf0b4d-08a3-4ce0-ab3a-381c5252fab4_15021617.jpg', N'/App%20Images/Profile%20Pics/Cover_cacf0b4d-08a3-4ce0-ab3a-381c5252fab4_15021628.jpg', N'London', N'Test', NULL, N'1985-11-30 00:00:00', N'Test', N'Please make sure I can write in paragraps or make a list. Same goes for the Artists statement section above.', NULL, NULL)
INSERT INTO [dbo].[Artists] ([Artist_ID], [User_ID], [PhoneNumber], [Gender], [Profile_Pic], [Cover_Pic], [Location], [Statement], [Price_Range], [DOB], [Expertise], [Education], [Work], [Position]) VALUES (8, N'e58815e5-eeb5-4369-9a2f-c3b44c328e10', N'07111111111', N'Female', N'/App%20Images/Profile%20Pics/Profile_e58815e5-eeb5-4369-9a2f-c3b44c328e10_28031658.jpg', N'/App%20Images/Profile%20Pics/Cover_e58815e5-eeb5-4369-9a2f-c3b44c328e10_28031613.jpg', N'WC2P', N'<p>I think of my installations as unfinished inventories of fragments: objects, drawings, paintings, photographs, and other inventions. They are improvisational sites in which the constructed and the ready-made are used to question our making of the world through language and knowledge. My arrangements are schematic, inviting the viewer to move into a space of speculation. I rely on our desires for beauty, poetics and seduction. The work thus far has used the frame of the museum to propose a secret history of modernity, and in the process, point to stereotypes of difference, which are hidden in plain sight. I have found the histories of surrealism and minimalism to be useful in the rearranging of received ideas. The objects I make are placed in the canon of modernist art, in hopes of making visible what is overlooked in the historicizing of the artist. This project has always been grounded in pleasure and aesthetics.</p>
', NULL, N'1990-03-28 00:00:00', N'Creative Director at X', N'<p>Central Saint Martins</p>

<p>Testing</p>
', NULL, N' -59px')
INSERT INTO [dbo].[Artists] ([Artist_ID], [User_ID], [PhoneNumber], [Gender], [Profile_Pic], [Cover_Pic], [Location], [Statement], [Price_Range], [DOB], [Expertise], [Education], [Work], [Position]) VALUES (9, N'bb63e1ab-c617-4cf1-b537-3f8eae6e38bb', NULL, N'Male', N'/App%20Images/Profile%20Pics/Profile_bb63e1ab-c617-4cf1-b537-3f8eae6e38bb_05041636.jpg', N'/App%20Images/Profile%20Pics/Cover_bb63e1ab-c617-4cf1-b537-3f8eae6e38bb_05041605.jpg', N'London', N'Water colors Painting is my passion. 
!. 1
@. 2
3. $
aklgjakjak', NULL, N'1990-01-01 00:00:00', N'Paintings', N'Masters in Arts', NULL, N' -97px')
INSERT INTO [dbo].[Artists] ([Artist_ID], [User_ID], [PhoneNumber], [Gender], [Profile_Pic], [Cover_Pic], [Location], [Statement], [Price_Range], [DOB], [Expertise], [Education], [Work], [Position]) VALUES (10, N'95d70509-4a34-455b-bb3e-677fb56c5d45', N'9441343394', N'Male', N'/App%20Images/Profile%20Pics/Profile_95d70509-4a34-455b-bb3e-677fb56c5d45_06041626.jpg', N'/App%20Images/Profile%20Pics/Cover_95d70509-4a34-455b-bb3e-677fb56c5d45_06041634.jpg', N'Hyd', N'<p><strong><em>Art LoVer</em></strong></p>
', NULL, N'1992-07-23 00:00:00', N'Art', N'B.Tech', NULL, N'0px')
INSERT INTO [dbo].[Artists] ([Artist_ID], [User_ID], [PhoneNumber], [Gender], [Profile_Pic], [Cover_Pic], [Location], [Statement], [Price_Range], [DOB], [Expertise], [Education], [Work], [Position]) VALUES (11, N'a02adb2d-c004-46a0-947d-41a603ea1bc8', NULL, NULL, NULL, NULL, NULL, NULL, NULL, N'1992-07-23 00:00:00', NULL, NULL, NULL, NULL)
INSERT INTO [dbo].[Artists] ([Artist_ID], [User_ID], [PhoneNumber], [Gender], [Profile_Pic], [Cover_Pic], [Location], [Statement], [Price_Range], [DOB], [Expertise], [Education], [Work], [Position]) VALUES (13, N'6d5c5106-c287-4348-8d1c-5c53fa90141d', NULL, NULL, NULL, NULL, NULL, NULL, NULL, N'1988-12-16 00:00:00', NULL, NULL, NULL, NULL)
INSERT INTO [dbo].[Artists] ([Artist_ID], [User_ID], [PhoneNumber], [Gender], [Profile_Pic], [Cover_Pic], [Location], [Statement], [Price_Range], [DOB], [Expertise], [Education], [Work], [Position]) VALUES (14, N'b28a5d65-688b-4d0e-b12f-1315a6111103', NULL, NULL, NULL, NULL, NULL, NULL, NULL, N'1992-07-23 00:00:00', NULL, N'<p><strong>Test</strong></p>
', NULL, NULL)
INSERT INTO [dbo].[Artists] ([Artist_ID], [User_ID], [PhoneNumber], [Gender], [Profile_Pic], [Cover_Pic], [Location], [Statement], [Price_Range], [DOB], [Expertise], [Education], [Work], [Position]) VALUES (15, N'f6bea9c9-5e5a-475e-8408-c1f931014237', NULL, N'Male', NULL, NULL, N'London', N'<ul>
	<li>Art</li>
	<li>Health</li>
	<li>Nature</li>
	<li>Beauty</li>
	<li>Modern</li>
	<li>Lake</li>
</ul>

<h3>Art is a diverse range of human activities in creating visual, auditory or performing artifacts &ndash; artworks, expressing the author&#39;s imaginative or technical skill, intended to be appreciated for their beauty or emotional power.&nbsp;In their most general form these activities include the production of works of art, the criticism of art, the study of the history of art, and the aesthetic dissemination of art.</h3>
', NULL, N'1992-07-23 00:00:00', NULL, N'<ul>
	<li>Accolades</li>
	<li>Achievements</li>
	<li>Awards</li>
	<li>Prizes</li>
	<li>Finalist</li>
	<li>Runner up</li>
	<li>Winner</li>
</ul>
', NULL, NULL)

-- Institutions
INSERT INTO [dbo].[Institutions] ([Institution_ID], [User_ID], [PhoneNumber], [Aboutus], [InstitutionType], [Profile_Pic], [Cover_Pic], [Location], [Price_Range], [Exhibition], [ContactUs], [Position], [OpeningTimes]) VALUES (1, N'1f3315fe-821e-4ff6-87f4-40dd3d24be40', N'09841899872', N'<p><del>Test</del></p>
', NULL, N'/Profile%20Pics/Profile_1f3315fe-821e-4ff6-87f4-40dd3d24be40_16011624.jpg', N'/Profile%20Pics/Cover_1f3315fe-821e-4ff6-87f4-40dd3d24be40_16011607.jpg', NULL, NULL, NULL, N'Gachibowli, Hyderabad', N' -153px', N'9AM - 6PM')
INSERT INTO [dbo].[Institutions] ([Institution_ID], [User_ID], [PhoneNumber], [Aboutus], [InstitutionType], [Profile_Pic], [Cover_Pic], [Location], [Price_Range], [Exhibition], [ContactUs], [Position], [OpeningTimes]) VALUES (2, N'42ec1f49-8d34-4c6c-93f5-525c19db5881', N'9441343394', N'<p><em><strong>I am an artist</strong></em></p>
', N'Art', N'/App%20Images/Profile%20Pics/Profile_42ec1f49-8d34-4c6c-93f5-525c19db5881_01021606.jpg', N'/App%20Images/Profile%20Pics/Cover_42ec1f49-8d34-4c6c-93f5-525c19db5881_01021657.jpg', N'Hyderabad', N'$45', NULL, N'KPHB', N' 0px', N'10:00 AM to 05:00 AM')
INSERT INTO [dbo].[Institutions] ([Institution_ID], [User_ID], [PhoneNumber], [Aboutus], [InstitutionType], [Profile_Pic], [Cover_Pic], [Location], [Price_Range], [Exhibition], [ContactUs], [Position], [OpeningTimes]) VALUES (3, N'9962d20f-2d31-447b-887a-d72c070d2a4f', NULL, N'<blockquote>
<h1><strong>We have a huge collection of Creative art work. Visit our gallery today at Princess St, Edinburgh</strong></h1>
</blockquote>
', NULL, N'/App%20Images/Profile%20Pics/Profile_9962d20f-2d31-447b-887a-d72c070d2a4f_01021619.jpg', N'/App%20Images/Profile%20Pics/Cover_9962d20f-2d31-447b-887a-d72c070d2a4f_01021631.jpg', NULL, NULL, NULL, NULL, N'0px', NULL)
INSERT INTO [dbo].[Institutions] ([Institution_ID], [User_ID], [PhoneNumber], [Aboutus], [InstitutionType], [Profile_Pic], [Cover_Pic], [Location], [Price_Range], [Exhibition], [ContactUs], [Position], [OpeningTimes]) VALUES (4, N'ae05d675-c3d2-47ea-b3ec-b38e56142a39', NULL, N'<blockquote>
<h1><em><strong>Welcome to the world of Art</strong></em></h1>
</blockquote>
', NULL, NULL, NULL, NULL, NULL, NULL, NULL, NULL, NULL)
INSERT INTO [dbo].[Institutions] ([Institution_ID], [User_ID], [PhoneNumber], [Aboutus], [InstitutionType], [Profile_Pic], [Cover_Pic], [Location], [Price_Range], [Exhibition], [ContactUs], [Position], [OpeningTimes]) VALUES (5, N'cfcae7f4-7c2e-44a8-b23c-f3e7f55fee15', N'9494949494', N'<p>ArtBrowser is a global marketplace for art lovers. We are a digital platform that will help artists and independent art galleries promote their artworks and connect with art enthusiasts around the world.</p>

<p><em><strong>ArtBrowser is partnering with artists, galleries and other organisations to create a genuine marketplace for art lovers. We help our partners promote their artworks, events and exhibitions to a wider audience.</strong></em></p>

<p><s>Our team at ArtBrowser specialises in organising and promoting events in the art industry and connecting people through arts.</s></p>
', N'Art', N'/App%20Images/Profile%20Pics/Profile_cfcae7f4-7c2e-44a8-b23c-f3e7f55fee15_25041612.jpg', N'/App%20Images/Profile%20Pics/Cover_cfcae7f4-7c2e-44a8-b23c-f3e7f55fee15_25041619.jpg', N'Hyd', NULL, NULL, N'Allwyn colony,
Hyderabad
500072', N' 0px', N'24 hrs')

-- Exhibitions
INSERT INTO [dbo].[Exhibitions] ([ExhibitionId], [UserId], [Title], [Location], [Address], [Statement], [StartDate], [EndDate], [Created], [Modified], [ImagePath]) VALUES (8, N'8ef8715f-2f55-4195-92a3-900a692cc7e6', N'Art exhibition', N'Hyderabad', N'Cyber towers', N'Art Lovers', N'2016-02-04 00:00:00', N'2016-02-10 00:00:00', N'2016-02-01 00:58:32', N'2016-02-01 00:58:32', N'/App%20Images/Exhibition%20Images/Exhibition_0_01021632.jpg')
INSERT INTO [dbo].[Exhibitions] ([ExhibitionId], [UserId], [Title], [Location], [Address], [Statement], [StartDate], [EndDate], [Created], [Modified], [ImagePath]) VALUES (10, N'42ec1f49-8d34-4c6c-93f5-525c19db5881', N'Exhibition', N'Hyd', N'KPHB', N'testing', N'2016-02-01 00:00:00', N'2016-02-10 00:00:00', NULL, N'2016-02-01 01:22:14', N'/App%20Images/Exhibition%20Images/Exhibition_10_01021614.jpg')
INSERT INTO [dbo].[Exhibitions] ([ExhibitionId], [UserId], [Title], [Location], [Address], [Statement], [StartDate], [EndDate], [Created], [Modified], [ImagePath]) VALUES (11, N'9962d20f-2d31-447b-887a-d72c070d2a4f', N'123', N'Edinburgh', N'Market Street', N'All Arts at one place-grand exhibition', N'2016-02-11 00:00:00', N'2016-02-15 00:00:00', NULL, N'2016-02-01 05:56:45', N'/App%20Images/Exhibition%20Images/Exhibition_11_01021645.jpg')
INSERT INTO [dbo].[Exhibitions] ([ExhibitionId], [UserId], [Title], [Location], [Address], [Statement], [StartDate], [EndDate], [Created], [Modified], [ImagePath]) VALUES (13, N'1f3315fe-821e-4ff6-87f4-40dd3d24be40', N'Test', N'Hyderabad', N'Gachibowli', N'Test', N'2016-01-16 00:00:00', N'2016-01-18 00:00:00', N'2016-02-01 04:50:09', N'2016-02-01 04:50:09', N'/App%20Images/Exhibition%20Images/Exhibition_0_01021609.jpg')
INSERT INTO [dbo].[Exhibitions] ([ExhibitionId], [UserId], [Title], [Location], [Address], [Statement], [StartDate], [EndDate], [Created], [Modified], [ImagePath]) VALUES (14, N'cacf0b4d-08a3-4ce0-ab3a-381c5252fab4', N'ArtBrowser Art Fair', N'Test 2', N'Test 2', N'Test 2', N'2016-02-07 00:00:00', N'2016-05-07 00:00:00', N'2016-02-07 12:51:57', N'2016-02-07 12:51:57', N'/App%20Images/Exhibition%20Images/Exhibition_0_07021657.jpg')
INSERT INTO [dbo].[Exhibitions] ([ExhibitionId], [UserId], [Title], [Location], [Address], [Statement], [StartDate], [EndDate], [Created], [Modified], [ImagePath]) VALUES (15, N'95d70509-4a34-455b-bb3e-677fb56c5d45', N'exh', N'ed', N'sef', N'grdfg', N'2016-07-23 00:00:00', N'2016-08-23 00:00:00', N'2016-04-06 05:21:53', N'2016-04-06 05:21:53', N'/App%20Images/Exhibition%20Images/Exhibition_0_06041653.jpg')

-- Announcements
INSERT INTO [dbo].[Announcements] ([Announcement_ID], [User_ID], [Title], [Description], [Status], [Published], [Created], [Modified]) VALUES (4, N'5c96f103-54ea-40c0-8e38-f20dac6fbc24', N'Test', N'Test', N'PendingApproval', NULL, N'2016-01-31 11:47:19', N'2016-01-31 11:47:19')
INSERT INTO [dbo].[Announcements] ([Announcement_ID], [User_ID], [Title], [Description], [Status], [Published], [Created], [Modified]) VALUES (6, N'8ef8715f-2f55-4195-92a3-900a692cc7e6', N'Title', N'Art', N'PendingApproval', NULL, N'2016-02-01 01:01:47', N'2016-02-01 01:01:47')
INSERT INTO [dbo].[Announcements] ([Announcement_ID], [User_ID], [Title], [Description], [Status], [Published], [Created], [Modified]) VALUES (11, N'e58815e5-eeb5-4369-9a2f-c3b44c328e10', N'Showcase', N'xxxxx', N'Approved', NULL, N'2016-03-28 09:57:55', N'2016-03-28 09:57:55')
INSERT INTO [dbo].[Announcements] ([Announcement_ID], [User_ID], [Title], [Description], [Status], [Published], [Created], [Modified]) VALUES (17, N'32082b9a-1dcf-446f-8224-edfa8974934d', N'Testing Approval', N'Testing Approval', N'Approved', NULL, N'2016-04-25 01:57:15', N'2016-04-25 01:57:15')
INSERT INTO [dbo].[Announcements] ([Announcement_ID], [User_ID], [Title], [Description], [Status], [Published], [Created], [Modified]) VALUES (18, N'32082b9a-1dcf-446f-8224-edfa8974934d', N'Testing Approval  Rejected', N'Testing Approval  Rejected', N'Approved', NULL, N'2016-04-25 02:02:46', N'2016-04-25 02:05:10')
INSERT INTO [dbo].[Announcements] ([Announcement_ID], [User_ID], [Title], [Description], [Status], [Published], [Created], [Modified]) VALUES (22, N'cfcae7f4-7c2e-44a8-b23c-f3e7f55fee15', N'Ann', N'No man can taste the fruits of autumn while he is delighting his scent with the flowers of spring.
         No man can taste the fruits of autumn while he is delighting his scent with the flowers of spring.

No man can taste the fruits of autumn while he is delighting his scent with the flowers of spring.', N'PendingApproval', NULL, N'2016-04-25 22:44:40', N'2016-04-25 22:44:40')

-- Arts
INSERT INTO [dbo].[Arts] ([Art_ID], [User_ID], [Title], [Category_ID], [Subject], [Price], [Location_ID], [Size], [Medium], [Statement], [Created], [Modified], [Status], [Cover_Pic_Path]) VALUES (3, N'5c96f103-54ea-40c0-8e38-f20dac6fbc24', N'Test Art', 1, N'Test', N'100$', 1, N'10 x 10', N'Test', N'Test', N'2016-01-31 11:46:07', N'2016-01-31 11:47:03', N'Draft', N'/App%20Images/Art%20Images/Art_Cover_3_31011608.jpg')
INSERT INTO [dbo].[Arts] ([Art_ID], [User_ID], [Title], [Category_ID], [Subject], [Price], [Location_ID], [Size], [Medium], [Statement], [Created], [Modified], [Status], [Cover_Pic_Path]) VALUES (7, N'42ec1f49-8d34-4c6c-93f5-525c19db5881', N'Art', 1, N'Art', N'$50', 1, N'35', N'35', N'Art testing', N'2016-02-01 01:13:57', N'2016-02-01 01:13:57', N'Draft', N'/App%20Images/Art%20Images/Art_Cover_7_01021657.jpg')
INSERT INTO [dbo].[Arts] ([Art_ID], [User_ID], [Title], [Category_ID], [Subject], [Price], [Location_ID], [Size], [Medium], [Statement], [Created], [Modified], [Status], [Cover_Pic_Path]) VALUES (8, N'9962d20f-2d31-447b-887a-d72c070d2a4f', N'Doggy', 1, N'Dog', N'$50', 1, N'small', N'vague', N'Colorful dogs', N'2016-02-01 02:25:36', N'2016-02-01 02:26:44', N'Draft', N'/App%20Images/Art%20Images/Art_Cover_8_01021636.jpg')
INSERT INTO [dbo].[Arts] ([Art_ID], [User_ID], [Title], [Category_ID], [Subject], [Price], [Location_ID], [Size], [Medium], [Statement], [Created], [Modified], [Status], [Cover_Pic_Path]) VALUES (9, N'42ec1f49-8d34-4c6c-93f5-525c19db5881', N'Face', 1, N'Art', N'$56', 1, N'60', N'45', N'Test', N'2016-02-01 03:07:18', N'2016-02-01 03:07:18', N'Draft', N'/App%20Images/Art%20Images/Art_Cover_9_01021619.jpg')
INSERT INTO [dbo].[Arts] ([Art_ID], [User_ID], [Title], [Category_ID], [Subject], [Price], [Location_ID], [Size], [Medium], [Statement], [Created], [Modified], [Status], [Cover_Pic_Path]) VALUES (10, N'42ec1f49-8d34-4c6c-93f5-525c19db5881', N'Michael', 1, N'Art', N'$35', 1, N'35', N'40', N'Test', N'2016-02-01 03:09:10', N'2016-02-01 03:09:10', N'Draft', N'/App%20Images/Art%20Images/Art_Cover_10_01021610.jpg')
INSERT INTO [dbo].[Arts] ([Art_ID], [User_ID], [Title], [Category_ID], [Subject], [Price], [Location_ID], [Size], [Medium], [Statement], [Created], [Modified], [Status], [Cover_Pic_Path]) VALUES (13, N'42ec1f49-8d34-4c6c-93f5-525c19db5881', N'Wall Art', 1, N'Wall', N'$50', 3, N'60', N'35', N'Test', N'2016-02-01 03:12:03', N'2016-02-01 03:12:03', N'Draft', N'/App%20Images/Art%20Images/Art_Cover_13_01021603.jpg')
INSERT INTO [dbo].[Arts] ([Art_ID], [User_ID], [Title], [Category_ID], [Subject], [Price], [Location_ID], [Size], [Medium], [Statement], [Created], [Modified], [Status], [Cover_Pic_Path]) VALUES (14, N'42ec1f49-8d34-4c6c-93f5-525c19db5881', N'Magic Art', 2, N'MAgic', N'$50', 3, N'45', N'45', N'Teast', N'2016-02-01 03:13:03', N'2016-02-01 03:13:03', N'Draft', N'/App%20Images/Art%20Images/Art_Cover_14_01021603.jpg')
INSERT INTO [dbo].[Arts] ([Art_ID], [User_ID], [Title], [Category_ID], [Subject], [Price], [Location_ID], [Size], [Medium], [Statement], [Created], [Modified], [Status], [Cover_Pic_Path]) VALUES (15, N'42ec1f49-8d34-4c6c-93f5-525c19db5881', N'Butterfly', 3, N'Art', N'$35', 2, N'35', N'35', N'Test', N'2016-02-01 03:13:53', N'2016-02-01 03:13:53', N'Draft', N'/App%20Images/Art%20Images/Art_Cover_15_01021653.jpg')
INSERT INTO [dbo].[Arts] ([Art_ID], [User_ID], [Title], [Category_ID], [Subject], [Price], [Location_ID], [Size], [Medium], [Statement], [Created], [Modified], [Status], [Cover_Pic_Path]) VALUES (16, N'42ec1f49-8d34-4c6c-93f5-525c19db5881', N'Water Art', 3, N'Test', N'$50', 1, N'35', N'35', N'Test', N'2016-02-01 03:15:32', N'2016-02-01 03:17:43', N'Draft', N'/App%20Images/Art%20Images/Art_Cover_16_01021632.jpg')
INSERT INTO [dbo].[Arts] ([Art_ID], [User_ID], [Title], [Category_ID], [Subject], [Price], [Location_ID], [Size], [Medium], [Statement], [Created], [Modified], [Status], [Cover_Pic_Path]) VALUES (17, N'42ec1f49-8d34-4c6c-93f5-525c19db5881', N'Art', 1, N'Art', N'$45', 1, N'35', N'35', N'Rain deer
Blue
Beautiful
Glass', N'2016-02-01 03:16:36', N'2016-04-24 02:48:19', N'Draft', N'/App%20Images/Art%20Images/17/Art_Cover_17_01021654.jpg')
INSERT INTO [dbo].[Arts] ([Art_ID], [User_ID], [Title], [Category_ID], [Subject], [Price], [Location_ID], [Size], [Medium], [Statement], [Created], [Modified], [Status], [Cover_Pic_Path]) VALUES (18, N'42ec1f49-8d34-4c6c-93f5-525c19db5881', N'3D', 1, N'3D', N'$45', 1, N'45', N'50', N'Test', N'2016-02-01 03:17:29', N'2016-02-01 03:17:29', N'Draft', N'/App%20Images/Art%20Images/Art_Cover_18_01021629.jpg')
INSERT INTO [dbo].[Arts] ([Art_ID], [User_ID], [Title], [Category_ID], [Subject], [Price], [Location_ID], [Size], [Medium], [Statement], [Created], [Modified], [Status], [Cover_Pic_Path]) VALUES (19, N'8ef8715f-2f55-4195-92a3-900a692cc7e6', N'Paint', 1, N'Art', N'$60', 1, N'35', N'35', N'Test', N'2016-02-01 08:52:06', N'2016-02-01 08:52:06', N'Draft', N'/App%20Images/Art%20Images/Art_Cover_19_01021610.jpg')
INSERT INTO [dbo].[Arts] ([Art_ID], [User_ID], [Title], [Category_ID], [Subject], [Price], [Location_ID], [Size], [Medium], [Statement], [Created], [Modified], [Status], [Cover_Pic_Path]) VALUES (20, N'8ef8715f-2f55-4195-92a3-900a692cc7e6', N'Art', 1, N'Art', N'$45', 1, N'35', N'35', N'Test', N'2016-02-01 08:53:24', N'2016-02-01 08:53:24', N'Draft', N'/App%20Images/Art%20Images/Art_Cover_20_01021624.jpg')
INSERT INTO [dbo].[Arts] ([Art_ID], [User_ID], [Title], [Category_ID], [Subject], [Price], [Location_ID], [Size], [Medium], [Statement], [Created], [Modified], [Status], [Cover_Pic_Path]) VALUES (21, N'8ef8715f-2f55-4195-92a3-900a692cc7e6', N'Parrot Art', 1, N'Art', N'$50', 1, N'35', N'35', N'Test
', N'2016-02-01 08:54:24', N'2016-02-01 08:54:24', N'Draft', N'/App%20Images/Art%20Images/Art_Cover_21_01021624.jpg')
INSERT INTO [dbo].[Arts] ([Art_ID], [User_ID], [Title], [Category_ID], [Subject], [Price], [Location_ID], [Size], [Medium], [Statement], [Created], [Modified], [Status], [Cover_Pic_Path]) VALUES (22, N'8ef8715f-2f55-4195-92a3-900a692cc7e6', N'Strips Art', 1, N'Art', N'$50', 2, N'30', N'40', N'Test', N'2016-02-01 08:55:28', N'2016-02-01 08:55:28', N'Draft', N'/App%20Images/Art%20Images/Art_Cover_22_01021628.jpg')
INSERT INTO [dbo].[Arts] ([Art_ID], [User_ID], [Title], [Category_ID], [Subject], [Price], [Location_ID], [Size], [Medium], [Statement], [Created], [Modified], [Status], [Cover_Pic_Path]) VALUES (23, N'8ef8715f-2f55-4195-92a3-900a692cc7e6', N'Line', 2, N'hsg', N'$56', 3, N'55', N'55', N'Test', N'2016-02-01 08:57:01', N'2016-02-01 08:57:01', N'Draft', N'/App%20Images/Art%20Images/Art_Cover_23_01021601.jpg')
INSERT INTO [dbo].[Arts] ([Art_ID], [User_ID], [Title], [Category_ID], [Subject], [Price], [Location_ID], [Size], [Medium], [Statement], [Created], [Modified], [Status], [Cover_Pic_Path]) VALUES (24, N'8ef8715f-2f55-4195-92a3-900a692cc7e6', N'Deer', 1, N'Arts', N'$30', 2, N'35', N'45', N'<p>Rain&nbsp;deer</p>
', N'2016-02-01 08:58:05', N'2016-04-25 11:19:58', N'Draft', N'/App%20Images/Art%20Images/Art_Cover_24_01021605.jpg')
INSERT INTO [dbo].[Arts] ([Art_ID], [User_ID], [Title], [Category_ID], [Subject], [Price], [Location_ID], [Size], [Medium], [Statement], [Created], [Modified], [Status], [Cover_Pic_Path]) VALUES (25, N'cacf0b4d-08a3-4ce0-ab3a-381c5252fab4', N'Test', 2, N'ArtBrowser old logo', N'£300', 1, N'27"x37"', N'Test', N'Test', N'2016-02-07 12:46:02', N'2016-02-07 12:46:02', N'Draft', N'/App%20Images/Art%20Images/Art_Cover_25_07021602.jpg')
INSERT INTO [dbo].[Arts] ([Art_ID], [User_ID], [Title], [Category_ID], [Subject], [Price], [Location_ID], [Size], [Medium], [Statement], [Created], [Modified], [Status], [Cover_Pic_Path]) VALUES (27, N'42ec1f49-8d34-4c6c-93f5-525c19db5881', N'Neww', 1, N'Test', N'35', 1, N'35', N'35', N'Testing', N'2016-02-14 00:25:38', N'2016-04-18 23:17:43', N'Draft', N'/App%20Images/Art%20Images/Art_Cover_27_14021638.jpg')
INSERT INTO [dbo].[Arts] ([Art_ID], [User_ID], [Title], [Category_ID], [Subject], [Price], [Location_ID], [Size], [Medium], [Statement], [Created], [Modified], [Status], [Cover_Pic_Path]) VALUES (28, N'cacf0b4d-08a3-4ce0-ab3a-381c5252fab4', N'aaa', 1, N'aaaa', N'aaaa', 1, N'aaaa', N'aaaa', N'aaaa', N'2016-02-15 15:57:42', N'2016-02-15 15:57:42', N'Draft', N'/App%20Images/Art%20Images/Art_Cover_28_15021642.jpg')
INSERT INTO [dbo].[Arts] ([Art_ID], [User_ID], [Title], [Category_ID], [Subject], [Price], [Location_ID], [Size], [Medium], [Statement], [Created], [Modified], [Status], [Cover_Pic_Path]) VALUES (32, N'e58815e5-eeb5-4369-9a2f-c3b44c328e10', N'Splsh', 1, NULL, N'$325', 1, N'123x45', N'A', N'...', N'2016-03-28 09:55:52', N'2016-03-28 09:57:05', N'Draft', N'/App%20Images/Art%20Images/32/Art_Cover_32_28031631.jpg')
INSERT INTO [dbo].[Arts] ([Art_ID], [User_ID], [Title], [Category_ID], [Subject], [Price], [Location_ID], [Size], [Medium], [Statement], [Created], [Modified], [Status], [Cover_Pic_Path]) VALUES (33, N'bb63e1ab-c617-4cf1-b537-3f8eae6e38bb', N'Red Venetian Sunset', 2, NULL, NULL, 6, N'30*40*5', N'art', N'Sunset view of a beautiful Venetian city', N'2016-04-05 05:59:13', N'2016-04-24 03:29:46', N'Draft', N'/App%20Images/Art%20Images/33/Art_Cover_33_05041640.jpg')
INSERT INTO [dbo].[Arts] ([Art_ID], [User_ID], [Title], [Category_ID], [Subject], [Price], [Location_ID], [Size], [Medium], [Statement], [Created], [Modified], [Status], [Cover_Pic_Path]) VALUES (35, N'95d70509-4a34-455b-bb3e-677fb56c5d45', N'gsd', 2, NULL, N'25', 3, N'3532', N'32', N'sg', N'2016-04-06 05:24:20', N'2016-04-24 02:29:48', N'Draft', N'/App%20Images/Art%20Images/Art_Cover_35_06041620.jpg')
INSERT INTO [dbo].[Arts] ([Art_ID], [User_ID], [Title], [Category_ID], [Subject], [Price], [Location_ID], [Size], [Medium], [Statement], [Created], [Modified], [Status], [Cover_Pic_Path]) VALUES (38, N'cacf0b4d-08a3-4ce0-ab3a-381c5252fab4', N'X', 2, NULL, N'X', 3, N'X', N'X', N'<p>123test</p>

<p>Test</p>
', N'2016-04-10 13:34:42', N'2016-04-25 02:43:48', N'Draft', N'/App%20Images/Art%20Images/Art_Cover_38_10041642.jpg')
INSERT INTO [dbo].[Arts] ([Art_ID], [User_ID], [Title], [Category_ID], [Subject], [Price], [Location_ID], [Size], [Medium], [Statement], [Created], [Modified], [Status], [Cover_Pic_Path]) VALUES (48, N'cfcae7f4-7c2e-44a8-b23c-f3e7f55fee15', N'Fruits', 1, NULL, N'50$', 8, N'35', N'65', N'<p>If we can get people to focus on fruits and vegetables and more healthy foods, we&#39;ll be better in terms of our healthcare situation.<br />
&nbsp;</p>

<p><em>No man can taste</em> the frui<strong>ts of autumn</strong> while he <s>is delighting his scent with the flowers of spring.</s><br />
&nbsp;</p>
', N'2016-04-25 22:40:28', N'2016-04-25 22:40:28', N'Draft', N'/App%20Images/Art%20Images/Art_Cover_48_25041629.jpg')

-- Images
INSERT INTO [dbo].[Images] ([Image_ID], [Art_ID], [Path]) VALUES (5, 3, N'/App%20Images/Art%20Images/3Art_Image_3_31011622.jpg')
INSERT INTO [dbo].[Images] ([Image_ID], [Art_ID], [Path]) VALUES (6, 3, N'/App%20Images/Art%20Images/3Art_Image_3_31011626.jpg')
INSERT INTO [dbo].[Images] ([Image_ID], [Art_ID], [Path]) VALUES (8, 3, N'/App%20Images/Art%20Images/3Art_Image_3_31011638.jpg')
INSERT INTO [dbo].[Images] ([Image_ID], [Art_ID], [Path]) VALUES (9, 32, N'/App%20Images/Art%20Images/32Art_Image_32_28031653.jpg')
INSERT INTO [dbo].[Images] ([Image_ID], [Art_ID], [Path]) VALUES (10, 32, N'/App%20Images/Art%20Images/32Art_Image_32_28031602.jpg')

-- FeaturedPartners
INSERT INTO [dbo].[FeaturedPartners] ([FeaturedPartnerId], [Created], [Modified], [DisplayInHomePage], [PartnerId], [IsExternal], [Name], [Image], [ExternalLink]) VALUES (17, N'2016-03-30 11:15:31', N'2016-04-20 10:39:54', 1, N'e58815e5-eeb5-4369-9a2f-c3b44c328e10', 0, NULL, NULL, NULL)
INSERT INTO [dbo].[FeaturedPartners] ([FeaturedPartnerId], [Created], [Modified], [DisplayInHomePage], [PartnerId], [IsExternal], [Name], [Image], [ExternalLink]) VALUES (22, N'2016-04-05 20:27:23', N'2016-04-19 00:15:35', 0, NULL, 1, N'External User', N'/App%20Images/FeaturedPartner%20Images/FeaturedPartners_0_05041623.jpg', N'http://www.hobbycraft.co.uk/')
INSERT INTO [dbo].[FeaturedPartners] ([FeaturedPartnerId], [Created], [Modified], [DisplayInHomePage], [PartnerId], [IsExternal], [Name], [Image], [ExternalLink]) VALUES (25, N'2016-04-06 06:08:16', N'2016-04-19 00:17:30', 1, N'8ef8715f-2f55-4195-92a3-900a692cc7e6', 0, NULL, NULL, NULL)
INSERT INTO [dbo].[FeaturedPartners] ([FeaturedPartnerId], [Created], [Modified], [DisplayInHomePage], [PartnerId], [IsExternal], [Name], [Image], [ExternalLink]) VALUES (27, N'2016-04-15 14:18:48', N'2016-04-15 14:18:48', 1, NULL, 1, N'KaJo Collection', N'/App%20Images/FeaturedPartner%20Images/FeaturedPartners_0_15041648.jpg', N'http://www.kajocollection.club/')
INSERT INTO [dbo].[FeaturedPartners] ([FeaturedPartnerId], [Created], [Modified], [DisplayInHomePage], [PartnerId], [IsExternal], [Name], [Image], [ExternalLink]) VALUES (28, N'2016-04-18 22:39:33', N'2016-04-18 22:39:33', 1, N'42ec1f49-8d34-4c6c-93f5-525c19db5881', 0, NULL, NULL, NULL)
INSERT INTO [dbo].[FeaturedPartners] ([FeaturedPartnerId], [Created], [Modified], [DisplayInHomePage], [PartnerId], [IsExternal], [Name], [Image], [ExternalLink]) VALUES (31, N'2016-04-25 15:39:01', N'2016-04-25 15:39:01', 1, N'bb63e1ab-c617-4cf1-b537-3f8eae6e38bb', 0, NULL, NULL, NULL)

-- Events
INSERT INTO [dbo].[Events] ([EventId], [Title], [Location], [Address], [Statement], [StartDate], [EndDate], [Created], [Modified], [ImagePath], [DisplayInHomePage], [IsExternal], [ExternalLink]) VALUES (12, N'Test External', NULL, NULL, NULL, NULL, NULL, NULL, N'2016-04-25 14:59:32', N'/App%20Images/Event%20Images/Event_12_09041651.jpg', 0, 1, N'https://www.google.co.uk')
INSERT INTO [dbo].[Events] ([EventId], [Title], [Location], [Address], [Statement], [StartDate], [EndDate], [Created], [Modified], [ImagePath], [DisplayInHomePage], [IsExternal], [ExternalLink]) VALUES (15, N'KaJo Collections', NULL, NULL, NULL, NULL, NULL, NULL, N'2016-04-25 15:08:51', N'/App%20Images/Event%20Images/Event_0_15041652.jpg', 0, 1, N'http://www.kajocollection.club/')
INSERT INTO [dbo].[Events] ([EventId], [Title], [Location], [Address], [Statement], [StartDate], [EndDate], [Created], [Modified], [ImagePath], [DisplayInHomePage], [IsExternal], [ExternalLink]) VALUES (17, N'Intenal Testing', N'London', N'test', N'<p>test</p>

<p>test</p>

<p>test</p>
', N'2016-06-18 00:00:00', N'2016-04-18 00:00:00', NULL, N'2016-04-25 15:05:08', N'/App%20Images/Event%20Images/Event_17_18041655.jpg', 0, 0, NULL)
INSERT INTO [dbo].[Events] ([EventId], [Title], [Location], [Address], [Statement], [StartDate], [EndDate], [Created], [Modified], [ImagePath], [DisplayInHomePage], [IsExternal], [ExternalLink]) VALUES (18, N'ArtWeek 1', NULL, NULL, NULL, NULL, NULL, N'2016-04-25 15:02:59', N'2016-04-25 15:02:59', N'/App%20Images/Event%20Images/Event_0_25041659.jpg', 1, 1, N'http://www.artweek.com/events/united-kingdom/art-exhibition/london/antony-cairns-osc-osaka-station-city')
INSERT INTO [dbo].[Events] ([EventId], [Title], [Location], [Address], [Statement], [StartDate], [EndDate], [Created], [Modified], [ImagePath], [DisplayInHomePage], [IsExternal], [ExternalLink]) VALUES (19, N'ArtWeek 2', NULL, NULL, NULL, NULL, NULL, N'2016-04-25 15:06:39', N'2016-04-25 15:06:39', N'/App%20Images/Event%20Images/Event_0_25041639.jpg', 1, 1, N'http://www.artweek.com/events/united-states/art-exhibition/new-york/raw-female-gaze-nude')
INSERT INTO [dbo].[Events] ([EventId], [Title], [Location], [Address], [Statement], [StartDate], [EndDate], [Created], [Modified], [ImagePath], [DisplayInHomePage], [IsExternal], [ExternalLink]) VALUES (20, N'White Cube Exhibition', NULL, NULL, NULL, NULL, NULL, N'2016-04-25 15:13:53', N'2016-04-25 15:13:53', N'/App%20Images/Event%20Images/Event_0_25041653.jpg', 1, 1, N'http://whitecube.com/exhibitions/')
INSERT INTO [dbo].[Events] ([EventId], [Title], [Location], [Address], [Statement], [StartDate], [EndDate], [Created], [Modified], [ImagePath], [DisplayInHomePage], [IsExternal], [ExternalLink]) VALUES (21, N'ArtWorld 1', NULL, NULL, NULL, NULL, NULL, N'2016-04-25 15:16:57', N'2016-04-25 15:16:57', N'/App%20Images/Event%20Images/Event_0_25041657.jpg', 1, 1, N'https://art.world/show/1840280/andy-warhol-polaroids-1971-1986')

-- Subscribers
INSERT INTO [dbo].[Subscribers] ([SubscriberId], [IsActive], [Created], [Modified], [Email]) VALUES (5, 1, N'2016-03-27 23:36:48', N'2016-03-27 23:36:48', N'sm.venkat@yahoo.com')
INSERT INTO [dbo].[Subscribers] ([SubscriberId], [IsActive], [Created], [Modified], [Email]) VALUES (6, 1, N'2016-03-28 13:57:09', N'2016-03-28 13:57:09', N'beatriz.egido@hotmail.com')
INSERT INTO [dbo].[Subscribers] ([SubscriberId], [IsActive], [Created], [Modified], [Email]) VALUES (7, 1, N'2016-04-04 00:54:50', N'2016-04-04 00:54:50', NULL)
INSERT INTO [dbo].[Subscribers] ([SubscriberId], [IsActive], [Created], [Modified], [Email]) VALUES (8, 1, N'2016-04-05 04:23:41', N'2016-04-05 04:23:41', N'abc1@gmail.com')
INSERT INTO [dbo].[Subscribers] ([SubscriberId], [IsActive], [Created], [Modified], [Email]) VALUES (9, 1, N'2016-04-05 04:24:59', N'2016-04-05 04:24:59', N'dineshkandukuri@gmail.com')
INSERT INTO [dbo].[Subscribers] ([SubscriberId], [IsActive], [Created], [Modified], [Email]) VALUES (10, 1, N'2016-04-08 14:38:19', N'2016-04-08 14:38:19', N'ramya_dmn@yahoo.com')
INSERT INTO [dbo].[Subscribers] ([SubscriberId], [IsActive], [Created], [Modified], [Email]) VALUES (11, 1, N'2016-04-09 19:52:18', N'2016-04-09 19:52:18', N'test@test.com')
INSERT INTO [dbo].[Subscribers] ([SubscriberId], [IsActive], [Created], [Modified], [Email]) VALUES (12, 1, N'2016-04-18 14:06:55', N'2016-04-18 14:06:55', N'gupta.3@hotmail.com')
INSERT INTO [dbo].[Subscribers] ([SubscriberId], [IsActive], [Created], [Modified], [Email]) VALUES (13, 1, N'2016-04-18 22:59:25', N'2016-04-18 22:59:25', N'mukhesh98@gmail.com')
INSERT INTO [dbo].[Subscribers] ([SubscriberId], [IsActive], [Created], [Modified], [Email]) VALUES (14, 1, N'2016-04-18 23:00:38', N'2016-04-18 23:00:38', N'mukesh@gmail.com')
